Discount_Rate_Persen,NPV_BAU_Juta_USD,NPV_AR_Juta_USD,Selisih_AR_vs_BAU_Juta_USD
5,-29083.175878229125,-339.8031798824745,28743.37269834665
6,-26310.256659958024,-371.0082898716295,25939.248370086396
7,-23971.708775781903,-397.9081845257794,23573.800591256124
8,-21985.950177226856,-421.21357894970623,21564.736598277148
9,-20288.464912646472,-441.50437960617677,19846.960533040296
10,-18827.95768752946,-459.25567716595936,18368.7020103635
