Tahun,Cumulative_Cashflow_Juta_USD
0,-675.3800000000001
1,62.249999999999886
2,799.8799999999999
3,1537.5099999999998
4,2275.14
5,3012.77
6,3750.4
7,4488.03
8,5225.66
9,5963.29
10,6700.92
11,7438.55
12,8176.18
13,8913.81
14,9651.439999999999
15,10389.069999999998
