Tahun,Data_Center_Conventional_MW,Data_Center_AI_MW,Total_Demand_MW,Tambahan_dari_2025_MW,Kapasitas_Nasional_MW,Kapasitas_Jawa_MW,Gap_Nasional_MW,Rasio_Demand_Nasional,Gap_Jawa_MW,Rasio_Demand_Jawa,Setelah_Bekasi_500MW_MW
2025,1224.0,194.4,1418.4,0.0,53551.418000000005,32130.850800000004,52133.018000000004,2.648669359231533,30712.450800000002,4.414448932052555,30212.450800000002
2026,1320.0,297.0,1617.0,198.5999999999999,58751.418000000005,35250.8508,57134.418000000005,2.7522739961782707,33633.8508,4.587123326963785,33133.8508
2027,1462.5,438.75,1901.25,482.8499999999999,64351.418000000005,38610.8508,62450.168000000005,2.9544803503786037,36709.6008,4.924133917297673,36209.6008
2028,1645.0,634.5,2279.5,861.0999999999999,70451.418,42270.8508,68171.918,3.235562980435681,39991.3508,5.392604967392802,39491.3508
2029,1885.0,913.4999999999998,2798.5,1380.1,77151.418,46290.8508,74352.918,3.6272826508516016,43492.3508,6.04547108475267,42992.3508
2030,2136.0,1281.6,3417.6,1999.1999999999998,84551.418,50730.8508,81133.818,4.042037473576138,47313.2508,6.7367291226268975,46813.2508
